{
  "tests": [
    {
      "name": "Take Off Phase Detection",
      "setup": "mkdir -p __autograding/Take_Off_Phase_Detection ; ls testSuite/mono | xargs -I fileName java -jar target/referencePandora.jar -o takeOff testSuite/mono/fileName &>> __autograding/Take_Off_Phase_Detection/expected ; ls testSuite/mono | xargs -I fileName java -jar target/pandora.jar -o takeOff testSuite/mono/fileName &>>  __autograding/Take_Off_Phase_Detection/output",
      "run": "diff -qs -iBbd --strip-trailing-cr __autograding/Take_Off_Phase_Detection/expected __autograding/Take_Off_Phase_Detection/output ;\ndiff -qs -iBbd --strip-trailing-cr __autograding/Take_Off_Phase_Detection/expected __autograding/Take_Off_Phase_Detection/output &>> __autograding/result.txt",
      "input": "",
      "output": "identical",
      "comparison": "included",
      "timeout": 10,
      "points": 1
    },
    {
      "name": "Cruise Phase Detection",
      "setup": "mkdir -p __autograding/Cruise_Phase_Detection ; ls testSuite/mono | xargs -I fileName java -jar target/referencePandora.jar -o cruise testSuite/mono/fileName &>> __autograding/Cruise_Phase_Detection/expected ; ls testSuite/mono | xargs -I fileName java -jar target/pandora.jar -o cruise testSuite/mono/fileName &>>  __autograding/Cruise_Phase_Detection/output",
      "run": "diff -qs -iBbd --strip-trailing-cr __autograding/Cruise_Phase_Detection/expected __autograding/Cruise_Phase_Detection/output ;\ndiff -qs -iBbd --strip-trailing-cr __autograding/Cruise_Phase_Detection/expected __autograding/Cruise_Phase_Detection/output &>> __autograding/result.txt",
      "input": "",
      "output": "identical",
      "comparison": "included",
      "timeout": 10,
      "points": 1
    },
    {
      "name": "Landing Phase Detection",
      "setup": "mkdir -p __autograding/Landing_Phase_Detection ; ls testSuite/mono | xargs -I fileName java -jar target/referencePandora.jar -o landing testSuite/mono/fileName &>> __autograding/Landing_Phase_Detection/expected ; ls testSuite/mono | xargs -I fileName java -jar target/pandora.jar -o landing testSuite/mono/fileName &>>  __autograding/Landing_Phase_Detection/output",
      "run": "diff -qs -iBbd --strip-trailing-cr __autograding/Landing_Phase_Detection/expected __autograding/Landing_Phase_Detection/output ;\ndiff -qs -iBbd --strip-trailing-cr __autograding/Landing_Phase_Detection/expected __autograding/Landing_Phase_Detection/output &>> __autograding/result.txt",
      "input": "",
      "output": "identical",
      "comparison": "included",
      "timeout": 10,
      "points": 1
    },
    {
      "name": "Ratio Distance",
      "setup": "mkdir -p __autograding/Ratio_Distance ; ls testSuite/mono | xargs -I fileName java -jar target/referencePandora.jar -o ratioDistance testSuite/mono/fileName &>> __autograding/Ratio_Distance/expected ; ls testSuite/mono | xargs -I fileName java -jar target/pandora.jar -o ratioDistance testSuite/mono/fileName &>>  __autograding/Ratio_Distance/output",
      "run": "diff -qs -iBbd --strip-trailing-cr __autograding/Ratio_Distance/expected __autograding/Ratio_Distance/output ;\ndiff -qs -iBbd --strip-trailing-cr __autograding/Ratio_Distance/expected __autograding/Ratio_Distance/output &>> __autograding/result.txt",
      "input": "",
      "output": "identical",
      "comparison": "included",
      "timeout": 10,
      "points": 1
    },
    {
      "name": "Average Air Speed (Take Off)",
      "setup": "mkdir -p __autograding/Average_Air_Speed_(Take_Off) ; ls testSuite/mono | xargs -I fileName java -jar target/referencePandora.jar -o avgAirSpeedTakeOff testSuite/mono/fileName &>> __autograding/Average_Air_Speed_(Take_Off)/expected ; ls testSuite/mono | xargs -I fileName java -jar target/pandora.jar -o avgAirSpeedTakeOff testSuite/mono/fileName &>>  __autograding/Average_Air_Speed_(Take_Off)/output",
      "run": "diff -qs -iBbd --strip-trailing-cr __autograding/Average_Air_Speed_(Take_Off)/expected __autograding/Average_Air_Speed_(Take_Off)/output ;\ndiff -qs -iBbd --strip-trailing-cr __autograding/Average_Air_Speed_(Take_Off)/expected __autograding/Average_Air_Speed_(Take_Off)/output &>> __autograding/result.txt",
      "input": "",
      "output": "identical",
      "comparison": "included",
      "timeout": 10,
      "points": 1
    },
    {
      "name": "Max Air Speed (Take Off)",
      "setup": "mkdir -p __autograding/Max_Air_Speed_(Take_Off) ; ls testSuite/mono | xargs -I fileName java -jar target/referencePandora.jar -o maxAirSpeedTakeOff testSuite/mono/fileName &>> __autograding/Max_Air_Speed_(Take_Off)/expected ; ls testSuite/mono | xargs -I fileName java -jar target/pandora.jar -o maxAirSpeedTakeOff testSuite/mono/fileName &>>  __autograding/Max_Air_Speed_(Take_Off)/output",
      "run": "diff -qs -iBbd --strip-trailing-cr __autograding/Max_Air_Speed_(Take_Off)/expected __autograding/Max_Air_Speed_(Take_Off)/output ;\ndiff -qs -iBbd --strip-trailing-cr __autograding/Max_Air_Speed_(Take_Off)/expected __autograding/Max_Air_Speed_(Take_Off)/output &>> __autograding/result.txt",
      "input": "",
      "output": "identical",
      "comparison": "included",
      "timeout": 10,
      "points": 1
    },
    {
      "name": "Average Engine Power (Take Off)",
      "setup": "mkdir -p __autograding/Average_Engine_Power_(Take_Off) ; ls testSuite/mono | xargs -I fileName java -jar target/referencePandora.jar -o avgEnginePowerTakeOff testSuite/mono/fileName &>> __autograding/Average_Engine_Power_(Take_Off)/expected ; ls testSuite/mono | xargs -I fileName java -jar target/pandora.jar -o avgEnginePowerTakeOff testSuite/mono/fileName &>>  __autograding/Average_Engine_Power_(Take_Off)/output",
      "run": "diff -qs -iBbd --strip-trailing-cr __autograding/Average_Engine_Power_(Take_Off)/expected __autograding/Average_Engine_Power_(Take_Off)/output ;\ndiff -qs -iBbd --strip-trailing-cr __autograding/Average_Engine_Power_(Take_Off)/expected __autograding/Average_Engine_Power_(Take_Off)/output &>> __autograding/result.txt",
      "input": "",
      "output": "identical",
      "comparison": "included",
      "timeout": 10,
      "points": 1
    },
    {
      "name": "Max Engine Power (Take Off)",
      "setup": "mkdir -p __autograding/Max_Engine_Power_(Take_Off) ; ls testSuite/mono | xargs -I fileName java -jar target/referencePandora.jar -o maxEnginePowerTakeOff testSuite/mono/fileName &>> __autograding/Max_Engine_Power_(Take_Off)/expected ; ls testSuite/mono | xargs -I fileName java -jar target/pandora.jar -o maxEnginePowerTakeOff testSuite/mono/fileName &>>  __autograding/Max_Engine_Power_(Take_Off)/output",
      "run": "diff -qs -iBbd --strip-trailing-cr __autograding/Max_Engine_Power_(Take_Off)/expected __autograding/Max_Engine_Power_(Take_Off)/output ;\ndiff -qs -iBbd --strip-trailing-cr __autograding/Max_Engine_Power_(Take_Off)/expected __autograding/Max_Engine_Power_(Take_Off)/output &>> __autograding/result.txt",
      "input": "",
      "output": "identical",
      "comparison": "included",
      "timeout": 10,
      "points": 1
    },
    {
      "name": "Average Air Speed (Cruise)",
      "setup": "mkdir -p __autograding/Average_Air_Speed_(Cruise) ; ls testSuite/mono | xargs -I fileName java -jar target/referencePandora.jar -o avgAirSpeedCruise testSuite/mono/fileName &>> __autograding/Average_Air_Speed_(Cruise)/expected ; ls testSuite/mono | xargs -I fileName java -jar target/pandora.jar -o avgAirSpeedCruise testSuite/mono/fileName &>>  __autograding/Average_Air_Speed_(Cruise)/output",
      "run": "diff -qs -iBbd --strip-trailing-cr __autograding/Average_Air_Speed_(Cruise)/expected __autograding/Average_Air_Speed_(Cruise)/output ;\ndiff -qs -iBbd --strip-trailing-cr __autograding/Average_Air_Speed_(Cruise)/expected __autograding/Average_Air_Speed_(Cruise)/output &>> __autograding/result.txt",
      "input": "",
      "output": "identical",
      "comparison": "included",
      "timeout": 10,
      "points": 1
    },
    {
      "name": "Max Air Speed (Cruise)",
      "setup": "mkdir -p __autograding/Max_Air_Speed_(Cruise) ; ls testSuite/mono | xargs -I fileName java -jar target/referencePandora.jar -o maxAirSpeedCruise testSuite/mono/fileName &>> __autograding/Max_Air_Speed_(Cruise)/expected ; ls testSuite/mono | xargs -I fileName java -jar target/pandora.jar -o maxAirSpeedCruise testSuite/mono/fileName &>>  __autograding/Max_Air_Speed_(Cruise)/output",
      "run": "diff -qs -iBbd --strip-trailing-cr __autograding/Max_Air_Speed_(Cruise)/expected __autograding/Max_Air_Speed_(Cruise)/output ;\ndiff -qs -iBbd --strip-trailing-cr __autograding/Max_Air_Speed_(Cruise)/expected __autograding/Max_Air_Speed_(Cruise)/output &>> __autograding/result.txt",
      "input": "",
      "output": "identical",
      "comparison": "included",
      "timeout": 10,
      "points": 1
    },
    {
      "name": "Average Engine Power (Cruise)",
      "setup": "mkdir -p __autograding/Average_Engine_Power_(Cruise) ; ls testSuite/mono | xargs -I fileName java -jar target/referencePandora.jar -o avgEnginePowerCruise testSuite/mono/fileName &>> __autograding/Average_Engine_Power_(Cruise)/expected ; ls testSuite/mono | xargs -I fileName java -jar target/pandora.jar -o avgEnginePowerCruise testSuite/mono/fileName &>>  __autograding/Average_Engine_Power_(Cruise)/output",
      "run": "diff -qs -iBbd --strip-trailing-cr __autograding/Average_Engine_Power_(Cruise)/expected __autograding/Average_Engine_Power_(Cruise)/output ;\ndiff -qs -iBbd --strip-trailing-cr __autograding/Average_Engine_Power_(Cruise)/expected __autograding/Average_Engine_Power_(Cruise)/output &>> __autograding/result.txt",
      "input": "",
      "output": "identical",
      "comparison": "included",
      "timeout": 10,
      "points": 1
    },
    {
      "name": "Max Engine Power (Cruise)",
      "setup": "mkdir -p __autograding/Max_Engine_Power_(Cruise) ; ls testSuite/mono | xargs -I fileName java -jar target/referencePandora.jar -o maxEnginePowerCruise testSuite/mono/fileName &>> __autograding/Max_Engine_Power_(Cruise)/expected ; ls testSuite/mono | xargs -I fileName java -jar target/pandora.jar -o maxEnginePowerCruise testSuite/mono/fileName &>>  __autograding/Max_Engine_Power_(Cruise)/output",
      "run": "diff -qs -iBbd --strip-trailing-cr __autograding/Max_Engine_Power_(Cruise)/expected __autograding/Max_Engine_Power_(Cruise)/output ;\ndiff -qs -iBbd --strip-trailing-cr __autograding/Max_Engine_Power_(Cruise)/expected __autograding/Max_Engine_Power_(Cruise)/output &>> __autograding/result.txt",
      "input": "",
      "output": "identical",
      "comparison": "included",
      "timeout": 10,
      "points": 1
    },
    {
      "name": "Average Air Speed (Landing)",
      "setup": "mkdir -p __autograding/Average_Air_Speed_(Landing) ; ls testSuite/mono | xargs -I fileName java -jar target/referencePandora.jar -o avgAirSpeedLanding testSuite/mono/fileName &>> __autograding/Average_Air_Speed_(Landing)/expected ; ls testSuite/mono | xargs -I fileName java -jar target/pandora.jar -o avgAirSpeedLanding testSuite/mono/fileName &>>  __autograding/Average_Air_Speed_(Landing)/output",
      "run": "diff -qs -iBbd --strip-trailing-cr __autograding/Average_Air_Speed_(Landing)/expected __autograding/Average_Air_Speed_(Landing)/output ;\ndiff -qs -iBbd --strip-trailing-cr __autograding/Average_Air_Speed_(Landing)/expected __autograding/Average_Air_Speed_(Landing)/output &>> __autograding/result.txt",
      "input": "",
      "output": "identical",
      "comparison": "included",
      "timeout": 10,
      "points": 1
    },
    {
      "name": "Max Air Speed (Landing)",
      "setup": "mkdir -p __autograding/Max_Air_Speed_(Landing) ; ls testSuite/mono | xargs -I fileName java -jar target/referencePandora.jar -o maxAirSpeedLanding testSuite/mono/fileName &>> __autograding/Max_Air_Speed_(Landing)/expected ; ls testSuite/mono | xargs -I fileName java -jar target/pandora.jar -o maxAirSpeedLanding testSuite/mono/fileName &>>  __autograding/Max_Air_Speed_(Landing)/output",
      "run": "diff -qs -iBbd --strip-trailing-cr __autograding/Max_Air_Speed_(Landing)/expected __autograding/Max_Air_Speed_(Landing)/output ;\ndiff -qs -iBbd --strip-trailing-cr __autograding/Max_Air_Speed_(Landing)/expected __autograding/Max_Air_Speed_(Landing)/output &>> __autograding/result.txt",
      "input": "",
      "output": "identical",
      "comparison": "included",
      "timeout": 10,
      "points": 1
    },
    {
      "name": "Average Engine Power (Landing)",
      "setup": "mkdir -p __autograding/Average_Engine_Power_(Landing) ; ls testSuite/mono | xargs -I fileName java -jar target/referencePandora.jar -o avgEnginePowerLanding testSuite/mono/fileName &>> __autograding/Average_Engine_Power_(Landing)/expected ; ls testSuite/mono | xargs -I fileName java -jar target/pandora.jar -o avgEnginePowerLanding testSuite/mono/fileName &>>  __autograding/Average_Engine_Power_(Landing)/output",
      "run": "diff -qs -iBbd --strip-trailing-cr __autograding/Average_Engine_Power_(Landing)/expected __autograding/Average_Engine_Power_(Landing)/output ;\ndiff -qs -iBbd --strip-trailing-cr __autograding/Average_Engine_Power_(Landing)/expected __autograding/Average_Engine_Power_(Landing)/output &>> __autograding/result.txt",
      "input": "",
      "output": "identical",
      "comparison": "included",
      "timeout": 10,
      "points": 1
    },
    {
      "name": "Max Engine Power (Landing)",
      "setup": "mkdir -p __autograding/Max_Engine_Power_(Landing) ; ls testSuite/mono | xargs -I fileName java -jar target/referencePandora.jar -o maxEnginePowerLanding testSuite/mono/fileName &>> __autograding/Max_Engine_Power_(Landing)/expected ; ls testSuite/mono | xargs -I fileName java -jar target/pandora.jar -o maxEnginePowerLanding testSuite/mono/fileName &>>  __autograding/Max_Engine_Power_(Landing)/output",
      "run": "diff -qs -iBbd --strip-trailing-cr __autograding/Max_Engine_Power_(Landing)/expected __autograding/Max_Engine_Power_(Landing)/output ;\ndiff -qs -iBbd --strip-trailing-cr __autograding/Max_Engine_Power_(Landing)/expected __autograding/Max_Engine_Power_(Landing)/output &>> __autograding/result.txt",
      "input": "",
      "output": "identical",
      "comparison": "included",
      "timeout": 10,
      "points": 1
    },
    {
      "name": "Flight Distance (Take Off)",
      "setup": "mkdir -p __autograding/Flight_Distance_(Take_Off) ; ls testSuite/mono | xargs -I fileName java -jar target/referencePandora.jar -o flightDistanceTakeOff testSuite/mono/fileName &>> __autograding/Flight_Distance_(Take_Off)/expected ; ls testSuite/mono | xargs -I fileName java -jar target/pandora.jar -o flightDistanceTakeOff testSuite/mono/fileName &>>  __autograding/Flight_Distance_(Take_Off)/output",
      "run": "diff -qs -iBbd --strip-trailing-cr __autograding/Flight_Distance_(Take_Off)/expected __autograding/Flight_Distance_(Take_Off)/output ;\ndiff -qs -iBbd --strip-trailing-cr __autograding/Flight_Distance_(Take_Off)/expected __autograding/Flight_Distance_(Take_Off)/output &>> __autograding/result.txt",
      "input": "",
      "output": "identical",
      "comparison": "included",
      "timeout": 10,
      "points": 1
    },
    {
      "name": "Average Acceleration (Take Off)",
      "setup": "mkdir -p __autograding/Average_Acceleration_(Take_Off) ; ls testSuite/mono | xargs -I fileName java -jar target/referencePandora.jar -o avgAccelerationTakeOff testSuite/mono/fileName &>> __autograding/Average_Acceleration_(Take_Off)/expected ; ls testSuite/mono | xargs -I fileName java -jar target/pandora.jar -o avgAccelerationTakeOff testSuite/mono/fileName &>>  __autograding/Average_Acceleration_(Take_Off)/output",
      "run": "diff -qs -iBbd --strip-trailing-cr __autograding/Average_Acceleration_(Take_Off)/expected __autograding/Average_Acceleration_(Take_Off)/output ;\ndiff -qs -iBbd --strip-trailing-cr __autograding/Average_Acceleration_(Take_Off)/expected __autograding/Average_Acceleration_(Take_Off)/output &>> __autograding/result.txt",
      "input": "",
      "output": "identical",
      "comparison": "included",
      "timeout": 10,
      "points": 1
    },
    {
      "name": "Max Acceleration (Take Off)",
      "setup": "mkdir -p __autograding/Max_Acceleration_(Take_Off) ; ls testSuite/mono | xargs -I fileName java -jar target/referencePandora.jar -o maxAccelerationTakeOff testSuite/mono/fileName &>> __autograding/Max_Acceleration_(Take_Off)/expected ; ls testSuite/mono | xargs -I fileName java -jar target/pandora.jar -o maxAccelerationTakeOff testSuite/mono/fileName &>>  __autograding/Max_Acceleration_(Take_Off)/output",
      "run": "diff -qs -iBbd --strip-trailing-cr __autograding/Max_Acceleration_(Take_Off)/expected __autograding/Max_Acceleration_(Take_Off)/output ;\ndiff -qs -iBbd --strip-trailing-cr __autograding/Max_Acceleration_(Take_Off)/expected __autograding/Max_Acceleration_(Take_Off)/output &>> __autograding/result.txt",
      "input": "",
      "output": "identical",
      "comparison": "included",
      "timeout": 10,
      "points": 1
    },
    {
      "name": "Wind Speed (Take Off)",
      "setup": "mkdir -p __autograding/Wind_Speed_(Take_Off) ; ls testSuite/mono | xargs -I fileName java -jar target/referencePandora.jar -o windSpeedTakeOff testSuite/mono/fileName &>> __autograding/Wind_Speed_(Take_Off)/expected ; ls testSuite/mono | xargs -I fileName java -jar target/pandora.jar -o windSpeedTakeOff testSuite/mono/fileName &>>  __autograding/Wind_Speed_(Take_Off)/output",
      "run": "diff -qs -iBbd --strip-trailing-cr __autograding/Wind_Speed_(Take_Off)/expected __autograding/Wind_Speed_(Take_Off)/output ;\ndiff -qs -iBbd --strip-trailing-cr __autograding/Wind_Speed_(Take_Off)/expected __autograding/Wind_Speed_(Take_Off)/output &>> __autograding/result.txt",
      "input": "",
      "output": "identical",
      "comparison": "included",
      "timeout": 10,
      "points": 1
    },
    {
      "name": "Flight Distance (Cruise)",
      "setup": "mkdir -p __autograding/Flight_Distance_(Cruise) ; ls testSuite/mono | xargs -I fileName java -jar target/referencePandora.jar -o flightDistanceCruise testSuite/mono/fileName &>> __autograding/Flight_Distance_(Cruise)/expected ; ls testSuite/mono | xargs -I fileName java -jar target/pandora.jar -o flightDistanceCruise testSuite/mono/fileName &>>  __autograding/Flight_Distance_(Cruise)/output",
      "run": "diff -qs -iBbd --strip-trailing-cr __autograding/Flight_Distance_(Cruise)/expected __autograding/Flight_Distance_(Cruise)/output ;\ndiff -qs -iBbd --strip-trailing-cr __autograding/Flight_Distance_(Cruise)/expected __autograding/Flight_Distance_(Cruise)/output &>> __autograding/result.txt",
      "input": "",
      "output": "identical",
      "comparison": "included",
      "timeout": 10,
      "points": 1
    },
    {
      "name": "Average Acceleration (Cruise)",
      "setup": "mkdir -p __autograding/Average_Acceleration_(Cruise) ; ls testSuite/mono | xargs -I fileName java -jar target/referencePandora.jar -o avgAccelerationCruise testSuite/mono/fileName &>> __autograding/Average_Acceleration_(Cruise)/expected ; ls testSuite/mono | xargs -I fileName java -jar target/pandora.jar -o avgAccelerationCruise testSuite/mono/fileName &>>  __autograding/Average_Acceleration_(Cruise)/output",
      "run": "diff -qs -iBbd --strip-trailing-cr __autograding/Average_Acceleration_(Cruise)/expected __autograding/Average_Acceleration_(Cruise)/output ;\ndiff -qs -iBbd --strip-trailing-cr __autograding/Average_Acceleration_(Cruise)/expected __autograding/Average_Acceleration_(Cruise)/output &>> __autograding/result.txt",
      "input": "",
      "output": "identical",
      "comparison": "included",
      "timeout": 10,
      "points": 1
    },
    {
      "name": "Max Acceleration (Cruise)",
      "setup": "mkdir -p __autograding/Max_Acceleration_(Cruise) ; ls testSuite/mono | xargs -I fileName java -jar target/referencePandora.jar -o maxAccelerationCruise testSuite/mono/fileName &>> __autograding/Max_Acceleration_(Cruise)/expected ; ls testSuite/mono | xargs -I fileName java -jar target/pandora.jar -o maxAccelerationCruise testSuite/mono/fileName &>>  __autograding/Max_Acceleration_(Cruise)/output",
      "run": "diff -qs -iBbd --strip-trailing-cr __autograding/Max_Acceleration_(Cruise)/expected __autograding/Max_Acceleration_(Cruise)/output ;\ndiff -qs -iBbd --strip-trailing-cr __autograding/Max_Acceleration_(Cruise)/expected __autograding/Max_Acceleration_(Cruise)/output &>> __autograding/result.txt",
      "input": "",
      "output": "identical",
      "comparison": "included",
      "timeout": 10,
      "points": 1
    },
    {
      "name": "Wind Speed (Cruise)",
      "setup": "mkdir -p __autograding/Wind_Speed_(Cruise) ; ls testSuite/mono | xargs -I fileName java -jar target/referencePandora.jar -o windSpeedCruise testSuite/mono/fileName &>> __autograding/Wind_Speed_(Cruise)/expected ; ls testSuite/mono | xargs -I fileName java -jar target/pandora.jar -o windSpeedCruise testSuite/mono/fileName &>>  __autograding/Wind_Speed_(Cruise)/output",
      "run": "diff -qs -iBbd --strip-trailing-cr __autograding/Wind_Speed_(Cruise)/expected __autograding/Wind_Speed_(Cruise)/output ;\ndiff -qs -iBbd --strip-trailing-cr __autograding/Wind_Speed_(Cruise)/expected __autograding/Wind_Speed_(Cruise)/output &>> __autograding/result.txt",
      "input": "",
      "output": "identical",
      "comparison": "included",
      "timeout": 10,
      "points": 1
    },
    {
      "name": "Flight Distance (Landing)",
      "setup": "mkdir -p __autograding/Flight_Distance_(Landing) ; ls testSuite/mono | xargs -I fileName java -jar target/referencePandora.jar -o flightDistanceLanding testSuite/mono/fileName &>> __autograding/Flight_Distance_(Landing)/expected ; ls testSuite/mono | xargs -I fileName java -jar target/pandora.jar -o flightDistanceLanding testSuite/mono/fileName &>>  __autograding/Flight_Distance_(Landing)/output",
      "run": "diff -qs -iBbd --strip-trailing-cr __autograding/Flight_Distance_(Landing)/expected __autograding/Flight_Distance_(Landing)/output ;\ndiff -qs -iBbd --strip-trailing-cr __autograding/Flight_Distance_(Landing)/expected __autograding/Flight_Distance_(Landing)/output &>> __autograding/result.txt",
      "input": "",
      "output": "identical",
      "comparison": "included",
      "timeout": 10,
      "points": 1
    },
    {
      "name": "Average Acceleration (Landing)",
      "setup": "mkdir -p __autograding/Average_Acceleration_(Landing) ; ls testSuite/mono | xargs -I fileName java -jar target/referencePandora.jar -o avgAccelerationLanding testSuite/mono/fileName &>> __autograding/Average_Acceleration_(Landing)/expected ; ls testSuite/mono | xargs -I fileName java -jar target/pandora.jar -o avgAccelerationLanding testSuite/mono/fileName &>>  __autograding/Average_Acceleration_(Landing)/output",
      "run": "diff -qs -iBbd --strip-trailing-cr __autograding/Average_Acceleration_(Landing)/expected __autograding/Average_Acceleration_(Landing)/output ;\ndiff -qs -iBbd --strip-trailing-cr __autograding/Average_Acceleration_(Landing)/expected __autograding/Average_Acceleration_(Landing)/output &>> __autograding/result.txt",
      "input": "",
      "output": "identical",
      "comparison": "included",
      "timeout": 10,
      "points": 1
    },
    {
      "name": "Max Acceleration (Landing)",
      "setup": "mkdir -p __autograding/Max_Acceleration_(Landing) ; ls testSuite/mono | xargs -I fileName java -jar target/referencePandora.jar -o maxAccelerationLanding testSuite/mono/fileName &>> __autograding/Max_Acceleration_(Landing)/expected ; ls testSuite/mono | xargs -I fileName java -jar target/pandora.jar -o maxAccelerationLanding testSuite/mono/fileName &>>  __autograding/Max_Acceleration_(Landing)/output",
      "run": "diff -qs -iBbd --strip-trailing-cr __autograding/Max_Acceleration_(Landing)/expected __autograding/Max_Acceleration_(Landing)/output ;\ndiff -qs -iBbd --strip-trailing-cr __autograding/Max_Acceleration_(Landing)/expected __autograding/Max_Acceleration_(Landing)/output &>> __autograding/result.txt",
      "input": "",
      "output": "identical",
      "comparison": "included",
      "timeout": 10,
      "points": 1
    },
    {
      "name": "Wind Speed (Landing)",
      "setup": "mkdir -p __autograding/Wind_Speed_(Landing) ; ls testSuite/mono | xargs -I fileName java -jar target/referencePandora.jar -o windSpeedLanding testSuite/mono/fileName &>> __autograding/Wind_Speed_(Landing)/expected ; ls testSuite/mono | xargs -I fileName java -jar target/pandora.jar -o windSpeedLanding testSuite/mono/fileName &>>  __autograding/Wind_Speed_(Landing)/output",
      "run": "diff -qs -iBbd --strip-trailing-cr __autograding/Wind_Speed_(Landing)/expected __autograding/Wind_Speed_(Landing)/output ;\ndiff -qs -iBbd --strip-trailing-cr __autograding/Wind_Speed_(Landing)/expected __autograding/Wind_Speed_(Landing)/output &>> __autograding/result.txt",
      "input": "",
      "output": "identical",
      "comparison": "included",
      "timeout": 10,
      "points": 1
    },
    {
      "name": "Most Demanding Phase - Engine Power",
      "setup": "mkdir -p __autograding/Most_Demanding_Phase_-_Engine_Power ; ls testSuite/mono | xargs -I fileName java -jar target/referencePandora.jar -o mostPowerPhase testSuite/mono/fileName &>> __autograding/Most_Demanding_Phase_-_Engine_Power/expected ; ls testSuite/mono | xargs -I fileName java -jar target/pandora.jar -o mostPowerPhase testSuite/mono/fileName &>>  __autograding/Most_Demanding_Phase_-_Engine_Power/output",
      "run": "diff -qs -iBbd --strip-trailing-cr __autograding/Most_Demanding_Phase_-_Engine_Power/expected __autograding/Most_Demanding_Phase_-_Engine_Power/output ;\ndiff -qs -iBbd --strip-trailing-cr __autograding/Most_Demanding_Phase_-_Engine_Power/expected __autograding/Most_Demanding_Phase_-_Engine_Power/output &>> __autograding/result.txt",
      "input": "",
      "output": "identical",
      "comparison": "included",
      "timeout": 10,
      "points": 1
    },
    {
      "name": "Most Demanding Phase - Stress",
      "setup": "mkdir -p __autograding/Most_Demanding_Phase_-_Stress ; ls testSuite/mono | xargs -I fileName java -jar target/referencePandora.jar -o mostStressPhase testSuite/mono/fileName &>> __autograding/Most_Demanding_Phase_-_Stress/expected ; ls testSuite/mono | xargs -I fileName java -jar target/pandora.jar -o mostStressPhase testSuite/mono/fileName &>>  __autograding/Most_Demanding_Phase_-_Stress/output",
      "run": "diff -qs -iBbd --strip-trailing-cr __autograding/Most_Demanding_Phase_-_Stress/expected __autograding/Most_Demanding_Phase_-_Stress/output ;\ndiff -qs -iBbd --strip-trailing-cr __autograding/Most_Demanding_Phase_-_Stress/expected __autograding/Most_Demanding_Phase_-_Stress/output &>> __autograding/result.txt",
      "input": "",
      "output": "identical",
      "comparison": "included",
      "timeout": 10,
      "points": 1
    },
    {
      "name": "Most Demanding Phase - Horizontal Acceleration",
      "setup": "mkdir -p __autograding/Most_Demanding_Phase_-_Horizontal_Acceleration ; ls testSuite/mono | xargs -I fileName java -jar target/referencePandora.jar -o mostAccelPhase testSuite/mono/fileName &>> __autograding/Most_Demanding_Phase_-_Horizontal_Acceleration/expected ; ls testSuite/mono | xargs -I fileName java -jar target/pandora.jar -o mostAccelPhase testSuite/mono/fileName &>>  __autograding/Most_Demanding_Phase_-_Horizontal_Acceleration/output",
      "run": "diff -qs -iBbd --strip-trailing-cr __autograding/Most_Demanding_Phase_-_Horizontal_Acceleration/expected __autograding/Most_Demanding_Phase_-_Horizontal_Acceleration/output ;\ndiff -qs -iBbd --strip-trailing-cr __autograding/Most_Demanding_Phase_-_Horizontal_Acceleration/expected __autograding/Most_Demanding_Phase_-_Horizontal_Acceleration/output &>> __autograding/result.txt",
      "input": "",
      "output": "identical",
      "comparison": "included",
      "timeout": 10,
      "points": 1
    },
    {
      "name": "Reaching 80% Max Altitude",
      "setup": "mkdir -p __autograding/Reaching_80%_Max_Altitude ; ls testSuite/mono | xargs -I fileName java -jar target/referencePandora.jar -o reachAlt testSuite/mono/fileName &>> __autograding/Reaching_80%_Max_Altitude/expected ; ls testSuite/mono | xargs -I fileName java -jar target/pandora.jar -o reachAlt testSuite/mono/fileName &>>  __autograding/Reaching_80%_Max_Altitude/output",
      "run": "diff -qs -iBbd --strip-trailing-cr __autograding/Reaching_80%_Max_Altitude/expected __autograding/Reaching_80%_Max_Altitude/output ;\ndiff -qs -iBbd --strip-trailing-cr __autograding/Reaching_80%_Max_Altitude/expected __autograding/Reaching_80%_Max_Altitude/output &>> __autograding/result.txt",
      "input": "",
      "output": "identical",
      "comparison": "included",
      "timeout": 10,
      "points": 1
    },
    {
      "name": "Reaching 80% Total Distance",
      "setup": "mkdir -p __autograding/Reaching_80%_Total_Distance ; ls testSuite/mono | xargs -I fileName java -jar target/referencePandora.jar -o reachDist testSuite/mono/fileName &>> __autograding/Reaching_80%_Total_Distance/expected ; ls testSuite/mono | xargs -I fileName java -jar target/pandora.jar -o reachDist testSuite/mono/fileName &>>  __autograding/Reaching_80%_Total_Distance/output",
      "run": "diff -qs -iBbd --strip-trailing-cr __autograding/Reaching_80%_Total_Distance/expected __autograding/Reaching_80%_Total_Distance/output ;\ndiff -qs -iBbd --strip-trailing-cr __autograding/Reaching_80%_Total_Distance/expected __autograding/Reaching_80%_Total_Distance/output &>> __autograding/result.txt",
      "input": "",
      "output": "identical",
      "comparison": "included",
      "timeout": 10,
      "points": 1
    },
    {
      "name": "Altitude with Fastest Wind",
      "setup": "mkdir -p __autograding/Altitude_with_Fastest_Wind ; ls testSuite/mono | xargs -I fileName java -jar target/referencePandora.jar -o fastWindAlt testSuite/mono/fileName &>> __autograding/Altitude_with_Fastest_Wind/expected ; ls testSuite/mono | xargs -I fileName java -jar target/pandora.jar -o fastWindAlt testSuite/mono/fileName &>>  __autograding/Altitude_with_Fastest_Wind/output",
      "run": "diff -qs -iBbd --strip-trailing-cr __autograding/Altitude_with_Fastest_Wind/expected __autograding/Altitude_with_Fastest_Wind/output ;\ndiff -qs -iBbd --strip-trailing-cr __autograding/Altitude_with_Fastest_Wind/expected __autograding/Altitude_with_Fastest_Wind/output &>> __autograding/result.txt",
      "input": "",
      "output": "identical",
      "comparison": "included",
      "timeout": 10,
      "points": 1
    },
    {
      "name": "Altitude with Highest Aircraft Speed",
      "setup": "mkdir -p __autograding/Altitude_with_Highest_Aircraft_Speed ; ls testSuite/mono | xargs -I fileName java -jar target/referencePandora.jar -o fastJetAlt testSuite/mono/fileName &>> __autograding/Altitude_with_Highest_Aircraft_Speed/expected ; ls testSuite/mono | xargs -I fileName java -jar target/pandora.jar -o fastJetAlt testSuite/mono/fileName &>>  __autograding/Altitude_with_Highest_Aircraft_Speed/output",
      "run": "diff -qs -iBbd --strip-trailing-cr __autograding/Altitude_with_Highest_Aircraft_Speed/expected __autograding/Altitude_with_Highest_Aircraft_Speed/output ;\ndiff -qs -iBbd --strip-trailing-cr __autograding/Altitude_with_Highest_Aircraft_Speed/expected __autograding/Altitude_with_Highest_Aircraft_Speed/output &>> __autograding/result.txt",
      "input": "",
      "output": "identical",
      "comparison": "included",
      "timeout": 10,
      "points": 1
    },
    {
      "name": "Noise of Temperature Sensors",
      "setup": "mkdir -p __autograding/Noise_of_Temperature_Sensors ; ls testSuite/mono | xargs -I fileName java -jar target/referencePandora.jar -o noiseTemp testSuite/mono/fileName &>> __autograding/Noise_of_Temperature_Sensors/expected ; ls testSuite/mono | xargs -I fileName java -jar target/pandora.jar -o noiseTemp testSuite/mono/fileName &>>  __autograding/Noise_of_Temperature_Sensors/output",
      "run": "diff -qs -iBbd --strip-trailing-cr __autograding/Noise_of_Temperature_Sensors/expected __autograding/Noise_of_Temperature_Sensors/output ;\ndiff -qs -iBbd --strip-trailing-cr __autograding/Noise_of_Temperature_Sensors/expected __autograding/Noise_of_Temperature_Sensors/output &>> __autograding/result.txt",
      "input": "",
      "output": "identical",
      "comparison": "included",
      "timeout": 10,
      "points": 1
    },
    {
      "name": "Stressed Pilot",
      "setup": "mkdir -p __autograding/Stressed_Pilot ; ls testSuite/mono | xargs -I fileName java -jar target/referencePandora.jar -o stressedPilot testSuite/mono/fileName &>> __autograding/Stressed_Pilot/expected ; ls testSuite/mono | xargs -I fileName java -jar target/pandora.jar -o stressedPilot testSuite/mono/fileName &>>  __autograding/Stressed_Pilot/output",
      "run": "diff -qs -iBbd --strip-trailing-cr __autograding/Stressed_Pilot/expected __autograding/Stressed_Pilot/output ;\ndiff -qs -iBbd --strip-trailing-cr __autograding/Stressed_Pilot/expected __autograding/Stressed_Pilot/output &>> __autograding/result.txt",
      "input": "",
      "output": "identical",
      "comparison": "included",
      "timeout": 10,
      "points": 1
    },
    {
      "name": "50% Oxygen Phase",
      "setup": "mkdir -p __autograding/50%_Oxygen_Phase ; ls testSuite/mono | xargs -I fileName java -jar target/referencePandora.jar -o oxygenPhase testSuite/mono/fileName &>> __autograding/50%_Oxygen_Phase/expected ; ls testSuite/mono | xargs -I fileName java -jar target/pandora.jar -o oxygenPhase testSuite/mono/fileName &>>  __autograding/50%_Oxygen_Phase/output",
      "run": "diff -qs -iBbd --strip-trailing-cr __autograding/50%_Oxygen_Phase/expected __autograding/50%_Oxygen_Phase/output ;\ndiff -qs -iBbd --strip-trailing-cr __autograding/50%_Oxygen_Phase/expected __autograding/50%_Oxygen_Phase/output &>> __autograding/result.txt",
      "input": "",
      "output": "identical",
      "comparison": "included",
      "timeout": 10,
      "points": 1
    },
    {
      "name": "Milestone 3 Full Report",
      "setup": "mkdir -p __autograding/Milestone_3_Full_Report ; ls testSuite/mono | xargs -I fileName java -jar target/referencePandora.jar  testSuite/mono/fileName &>> __autograding/Milestone_3_Full_Report/expected ; ls testSuite/mono | xargs -I fileName java -jar target/pandora.jar  testSuite/mono/fileName &>>  __autograding/Milestone_3_Full_Report/output",
      "run": "diff -qs -iBbd --strip-trailing-cr __autograding/Milestone_3_Full_Report/expected __autograding/Milestone_3_Full_Report/output ;\ndiff -qs -iBbd --strip-trailing-cr __autograding/Milestone_3_Full_Report/expected __autograding/Milestone_3_Full_Report/output &>> __autograding/result.txt",
      "input": "",
      "output": "identical",
      "comparison": "included",
      "timeout": 10,
      "points": 1
    }
  ]
}