{
  "tests": [
    {
      "name": "Flight Duration",
      "setup": "mkdir -p __autograding/Flight_Duration ; ls testSuite/mono | xargs -I fileName java -jar target/referencePandora.jar -o flightDuration testSuite/mono/fileName &>> __autograding/Flight_Duration/expected ; ls testSuite/mono | xargs -I fileName java -jar target/pandora.jar -o flightDuration testSuite/mono/fileName &>>  __autograding/Flight_Duration/output",
      "run": "diff -qs -iBbd --strip-trailing-cr __autograding/Flight_Duration/expected __autograding/Flight_Duration/output ;\ncat __autograding/Flight_Duration/output >> __autograding/result.txt\ndiff -qs -iBbd --strip-trailing-cr __autograding/Flight_Duration/expected __autograding/Flight_Duration/output &>> __autograding/result.txt",
      "input": "",
      "output": "identical",
      "comparison": "included",
      "timeout": 10,
      "points": 1
    },
    {
      "name": "Flight Distance",
      "setup": "mkdir -p __autograding/Flight_Distance ; ls testSuite/mono | xargs -I fileName java -jar target/referencePandora.jar -o flightDistance testSuite/mono/fileName &>> __autograding/Flight_Distance/expected ; ls testSuite/mono | xargs -I fileName java -jar target/pandora.jar -o flightDistance testSuite/mono/fileName &>>  __autograding/Flight_Distance/output",
      "run": "diff -qs -iBbd --strip-trailing-cr __autograding/Flight_Distance/expected __autograding/Flight_Distance/output ;\ncat __autograding/Flight_Distance/output >> __autograding/result.txt\ndiff -qs -iBbd --strip-trailing-cr __autograding/Flight_Distance/expected __autograding/Flight_Distance/output &>> __autograding/result.txt",
      "input": "",
      "output": "identical",
      "comparison": "included",
      "timeout": 10,
      "points": 1
    },
    {
      "name": "Average Acceleration",
      "setup": "mkdir -p __autograding/Average_Acceleration ; ls testSuite/mono | xargs -I fileName java -jar target/referencePandora.jar -o avgAcceleration testSuite/mono/fileName &>> __autograding/Average_Acceleration/expected ; ls testSuite/mono | xargs -I fileName java -jar target/pandora.jar -o avgAcceleration testSuite/mono/fileName &>>  __autograding/Average_Acceleration/output",
      "run": "diff -qs -iBbd --strip-trailing-cr __autograding/Average_Acceleration/expected __autograding/Average_Acceleration/output ;\ncat __autograding/Average_Acceleration/output >> __autograding/result.txt\ndiff -qs -iBbd --strip-trailing-cr __autograding/Average_Acceleration/expected __autograding/Average_Acceleration/output &>> __autograding/result.txt",
      "input": "",
      "output": "identical",
      "comparison": "included",
      "timeout": 10,
      "points": 1
    },
    {
      "name": "Max Acceleration",
      "setup": "mkdir -p __autograding/Max_Acceleration ; ls testSuite/mono | xargs -I fileName java -jar target/referencePandora.jar -o maxAcceleration testSuite/mono/fileName &>> __autograding/Max_Acceleration/expected ; ls testSuite/mono | xargs -I fileName java -jar target/pandora.jar -o maxAcceleration testSuite/mono/fileName &>>  __autograding/Max_Acceleration/output",
      "run": "diff -qs -iBbd --strip-trailing-cr __autograding/Max_Acceleration/expected __autograding/Max_Acceleration/output ;\ncat __autograding/Max_Acceleration/output >> __autograding/result.txt\ndiff -qs -iBbd --strip-trailing-cr __autograding/Max_Acceleration/expected __autograding/Max_Acceleration/output &>> __autograding/result.txt",
      "input": "",
      "output": "identical",
      "comparison": "included",
      "timeout": 10,
      "points": 1
    },
    {
      "name": "Wind Speed",
      "setup": "mkdir -p __autograding/Wind_Speed ; ls testSuite/mono | xargs -I fileName java -jar target/referencePandora.jar -o windSpeed testSuite/mono/fileName &>> __autograding/Wind_Speed/expected ; ls testSuite/mono | xargs -I fileName java -jar target/pandora.jar -o windSpeed testSuite/mono/fileName &>>  __autograding/Wind_Speed/output",
      "run": "diff -qs -iBbd --strip-trailing-cr __autograding/Wind_Speed/expected __autograding/Wind_Speed/output ;\ncat __autograding/Wind_Speed/output >> __autograding/result.txt\ndiff -qs -iBbd --strip-trailing-cr __autograding/Wind_Speed/expected __autograding/Wind_Speed/output &>> __autograding/result.txt",
      "input": "",
      "output": "identical",
      "comparison": "included",
      "timeout": 10,
      "points": 1
    },
    {
      "name": "Average Mach Speed",
      "setup": "mkdir -p __autograding/Average_Mach_Speed ; ls testSuite/mono | xargs -I fileName java -jar target/referencePandora.jar -o avgMachSpeed testSuite/mono/fileName &>> __autograding/Average_Mach_Speed/expected ; ls testSuite/mono | xargs -I fileName java -jar target/pandora.jar -o avgMachSpeed testSuite/mono/fileName &>>  __autograding/Average_Mach_Speed/output",
      "run": "diff -qs -iBbd --strip-trailing-cr __autograding/Average_Mach_Speed/expected __autograding/Average_Mach_Speed/output ;\ncat __autograding/Average_Mach_Speed/output >> __autograding/result.txt\ndiff -qs -iBbd --strip-trailing-cr __autograding/Average_Mach_Speed/expected __autograding/Average_Mach_Speed/output &>> __autograding/result.txt",
      "input": "",
      "output": "identical",
      "comparison": "included",
      "timeout": 10,
      "points": 1
    },
    {
      "name": "Max Mach Speed",
      "setup": "mkdir -p __autograding/Max_Mach_Speed ; ls testSuite/mono | xargs -I fileName java -jar target/referencePandora.jar -o maxMachSpeed testSuite/mono/fileName &>> __autograding/Max_Mach_Speed/expected ; ls testSuite/mono | xargs -I fileName java -jar target/pandora.jar -o maxMachSpeed testSuite/mono/fileName &>>  __autograding/Max_Mach_Speed/output",
      "run": "diff -qs -iBbd --strip-trailing-cr __autograding/Max_Mach_Speed/expected __autograding/Max_Mach_Speed/output ;\ncat __autograding/Max_Mach_Speed/output >> __autograding/result.txt\ndiff -qs -iBbd --strip-trailing-cr __autograding/Max_Mach_Speed/expected __autograding/Max_Mach_Speed/output &>> __autograding/result.txt",
      "input": "",
      "output": "identical",
      "comparison": "included",
      "timeout": 10,
      "points": 1
    },
    {
      "name": "Max Acceleration in G",
      "setup": "mkdir -p __autograding/Max_Acceleration_in_G ; ls testSuite/mono | xargs -I fileName java -jar target/referencePandora.jar -o maxAccelG testSuite/mono/fileName &>> __autograding/Max_Acceleration_in_G/expected ; ls testSuite/mono | xargs -I fileName java -jar target/pandora.jar -o maxAccelG testSuite/mono/fileName &>>  __autograding/Max_Acceleration_in_G/output",
      "run": "diff -qs -iBbd --strip-trailing-cr __autograding/Max_Acceleration_in_G/expected __autograding/Max_Acceleration_in_G/output ;\ncat __autograding/Max_Acceleration_in_G/output >> __autograding/result.txt\ndiff -qs -iBbd --strip-trailing-cr __autograding/Max_Acceleration_in_G/expected __autograding/Max_Acceleration_in_G/output &>> __autograding/result.txt",
      "input": "",
      "output": "identical",
      "comparison": "included",
      "timeout": 10,
      "points": 1
    }
  ]
}