{
  "tests": [
    {
      "name": "Average Altitude",
      "setup": "mkdir -p __autograding/Average_Altitude ; ls testSuite/mono | xargs -I fileName java -jar target/referencePandora.jar -o avgAlt testSuite/mono/fileName &>> __autograding/Average_Altitude/expected ; ls testSuite/mono | xargs -I fileName java -jar target/pandora.jar -o avgAlt testSuite/mono/fileName &>>  __autograding/Average_Altitude/output",
      "run": "diff -qs -iBbd --strip-trailing-cr __autograding/Average_Altitude/expected __autograding/Average_Altitude/output ;\ncat __autograding/Average_Altitude/output >> __autograding/result.txt\ndiff -qs -iBbd --strip-trailing-cr __autograding/Average_Altitude/expected __autograding/Average_Altitude/output &>> __autograding/result.txt",
      "input": "",
      "output": "identical",
      "comparison": "included",
      "timeout": 10,
      "points": 1
    },
    {
      "name": "Max Altitude",
      "setup": "mkdir -p __autograding/Max_Altitude ; ls testSuite/mono | xargs -I fileName java -jar target/referencePandora.jar -o maxAlt testSuite/mono/fileName &>> __autograding/Max_Altitude/expected ; ls testSuite/mono | xargs -I fileName java -jar target/pandora.jar -o maxAlt testSuite/mono/fileName &>>  __autograding/Max_Altitude/output",
      "run": "diff -qs -iBbd --strip-trailing-cr __autograding/Max_Altitude/expected __autograding/Max_Altitude/output ;\ncat __autograding/Max_Altitude/output >> __autograding/result.txt\ndiff -qs -iBbd --strip-trailing-cr __autograding/Max_Altitude/expected __autograding/Max_Altitude/output &>> __autograding/result.txt",
      "input": "",
      "output": "identical",
      "comparison": "included",
      "timeout": 10,
      "points": 1
    },
    {
      "name": "Average Air Speed",
      "setup": "mkdir -p __autograding/Average_Air_Speed ; ls testSuite/mono | xargs -I fileName java -jar target/referencePandora.jar -o avgAirSpeed testSuite/mono/fileName &>> __autograding/Average_Air_Speed/expected ; ls testSuite/mono | xargs -I fileName java -jar target/pandora.jar -o avgAirSpeed testSuite/mono/fileName &>>  __autograding/Average_Air_Speed/output",
      "run": "diff -qs -iBbd --strip-trailing-cr __autograding/Average_Air_Speed/expected __autograding/Average_Air_Speed/output ;\ncat __autograding/Average_Air_Speed/output >> __autograding/result.txt\ndiff -qs -iBbd --strip-trailing-cr __autograding/Average_Air_Speed/expected __autograding/Average_Air_Speed/output &>> __autograding/result.txt",
      "input": "",
      "output": "identical",
      "comparison": "included",
      "timeout": 10,
      "points": 1
    },
    {
      "name": "Max Air Speed",
      "setup": "mkdir -p __autograding/Max_Air_Speed ; ls testSuite/mono | xargs -I fileName java -jar target/referencePandora.jar -o maxAirSpeed testSuite/mono/fileName &>> __autograding/Max_Air_Speed/expected ; ls testSuite/mono | xargs -I fileName java -jar target/pandora.jar -o maxAirSpeed testSuite/mono/fileName &>>  __autograding/Max_Air_Speed/output",
      "run": "diff -qs -iBbd --strip-trailing-cr __autograding/Max_Air_Speed/expected __autograding/Max_Air_Speed/output ;\ncat __autograding/Max_Air_Speed/output >> __autograding/result.txt\ndiff -qs -iBbd --strip-trailing-cr __autograding/Max_Air_Speed/expected __autograding/Max_Air_Speed/output &>> __autograding/result.txt",
      "input": "",
      "output": "identical",
      "comparison": "included",
      "timeout": 10,
      "points": 1
    },
    {
      "name": "Average Engine Power",
      "setup": "mkdir -p __autograding/Average_Engine_Power ; ls testSuite/mono | xargs -I fileName java -jar target/referencePandora.jar -o avgEnginePower testSuite/mono/fileName &>> __autograding/Average_Engine_Power/expected ; ls testSuite/mono | xargs -I fileName java -jar target/pandora.jar -o avgEnginePower testSuite/mono/fileName &>>  __autograding/Average_Engine_Power/output",
      "run": "diff -qs -iBbd --strip-trailing-cr __autograding/Average_Engine_Power/expected __autograding/Average_Engine_Power/output ;\ncat __autograding/Average_Engine_Power/output >> __autograding/result.txt\ndiff -qs -iBbd --strip-trailing-cr __autograding/Average_Engine_Power/expected __autograding/Average_Engine_Power/output &>> __autograding/result.txt",
      "input": "",
      "output": "identical",
      "comparison": "included",
      "timeout": 10,
      "points": 1
    },
    {
      "name": "Max Engine Power",
      "setup": "mkdir -p __autograding/Max_Engine_Power ; ls testSuite/mono | xargs -I fileName java -jar target/referencePandora.jar -o maxEnginePower testSuite/mono/fileName &>> __autograding/Max_Engine_Power/expected ; ls testSuite/mono | xargs -I fileName java -jar target/pandora.jar -o maxEnginePower testSuite/mono/fileName &>>  __autograding/Max_Engine_Power/output",
      "run": "diff -qs -iBbd --strip-trailing-cr __autograding/Max_Engine_Power/expected __autograding/Max_Engine_Power/output ;\ncat __autograding/Max_Engine_Power/output >> __autograding/result.txt\ndiff -qs -iBbd --strip-trailing-cr __autograding/Max_Engine_Power/expected __autograding/Max_Engine_Power/output &>> __autograding/result.txt",
      "input": "",
      "output": "identical",
      "comparison": "included",
      "timeout": 10,
      "points": 1
    }
  ]
}